AAL||American Airlines Group Inc.||4333 Amon Carter Boulevard||Fort Worth, TX 76155||United States ||817-963-1234||http://www.aa.com||Services||Major Airlines
AAPL||Apple Inc.||1 Infinite Loop||Cupertino, CA 95014||United States ||408-996-1010||http://www.apple.com||Consumer Goods||Electronic Equipment
ADBE||Adobe Systems Incorporated||345 Park Avenue||San Jose, CA 95110||United States ||408-536-6000||http://www.adobe.com||Technology||Application Software
ADI||Analog Devices, Inc.||One Technology Way	PO Box 9106||Norwood, MA 02062||United States ||781-329-4700||http://www.analog.com||Technology||Semiconductor - Integrated Circuits
ADP||Automatic Data Processing, Inc.||One ADP Boulevard||Roseland, NJ 07068||United States ||973-974-5000||http://www.adp.com||Technology||Business Software & Services
ADSK||Autodesk, Inc.||111 McInnis Parkway||San Rafael, CA 94903||United States ||415-507-5000||http://www.autodesk.com||Technology||Technical & System Software
AKAM||Akamai Technologies, Inc.||150 Broadway||Cambridge, MA 02142||United States ||617-444-3000||http://www.akamai.com||Technology||Internet Information Providers
ALXN||Alexion Pharmaceuticals, Inc.||100 College Street||New Haven, CT 06510||United States ||203-272-2596||http://www.alexion.com||Healthcare||Biotechnology
AMAT||Applied Materials, Inc.||3050 Bowers Avenue	PO Box 58039||Santa Clara, CA 95052||United States ||408-727-5555||http://www.appliedmaterials.com||Technology||Semiconductor Equipment & Materials
AMGN||Amgen Inc.||One Amgen Center Drive||Thousand Oaks, CA 91320||United States ||805-447-1000||http://www.amgen.com||Healthcare||Biotechnology
AMZN||Amazon.com, Inc.||410 Terry Avenue North||Seattle, WA 98109||United States ||206-266-1000||http://www.amazon.com||Services||Catalog & Mail Order Houses
ATVI||Activision Blizzard, Inc.||3100 Ocean Park Boulevard||Santa Monica, CA 90405||United States ||310-255-2000||http://www.activisionblizzard.com||Technology||Multimedia & Graphics Software
AVGO||Broadcom Limited||1 Yishun Avenue 7||Singapore, 768923||Singapore ||65 6755 7888||http://www.broadcom.com||Technology||Semiconductor - Broad Line
BBBY||Bed Bath & Beyond Inc.||650 Liberty Avenue||Union, NJ 07083||United States ||908-688-0888||http://www.bedbathandbeyond.com||Services||Home Furnishing Stores
BIDU||Baidu, Inc.||Baidu Campus	No 10, Shangdi 10th Street||Beijing, 100085||China ||86 10 5992 8888||http://www.baidu.com||Technology||Internet Information Providers
BIIB||Biogen Inc.||225 Binney Street||Cambridge, MA 02142||United States ||617-679-2000||http://www.biogen.com||Healthcare||Biotechnology
BMRN||BioMarin Pharmaceutical Inc.||770 Lindaro Street||San Rafael, CA 94901||United States ||415-506-6700||http://www.bmrn.com||Healthcare||Biotechnology
CA||CA, Inc.||520 Madison Avenue	22nd Floor||New York, NY 10022||United States ||800-225-5224||http://www.ca.com||Technology||Business Software & Services
CELG||Celgene Corporation||86 Morris Avenue||Summit, NJ 07901||United States ||908-673-9000||http://www.celgene.com||Healthcare||Biotechnology
CERN||Cerner Corporation||2800 Rockcreek Parkway||North Kansas City, MO 64117||United States ||816-201-1024||http://www.cerner.com||Technology||Healthcare Information Services
CHKP||Check Point Software Technologies Ltd.||959 Skyway Road	Suite 300||San Carlos, CA 94070||United States ||650-628-2110||http://www.checkpoint.com||Technology||Security Software & Services
CHTR||Charter Communications, Inc.||400 Atlantic Street||Stamford, CT 06901||United States ||203-905-7801||http://www.charter.com||Services||CATV Systems
CMCSA||Comcast Corporation||One Comcast Center||Philadelphia, PA 19103||United States ||215-286-1700||http://www.comcast.com||Services||Entertainment - Diversified
COST||Costco Wholesale Corporation||999 Lake Drive||Issaquah, WA 98027||United States ||425-313-8100||http://www.costco.com||Services||Discount, Variety Stores
CSCO||Cisco Systems, Inc.||170 West Tasman Drive||San Jose, CA 95134||United States ||408-526-7209||http://www.cisco.com||Technology||Networking & Communication Devices
CSX||CSX Corp.||500 Water Street	15th Floor||Jacksonville, FL 32202||United States ||904-359-3200||http://www.csx.com||Services||Railroads
CTRP||Ctrip.com International Ltd.||No. 99 Fu Quan Road||Shanghai, 200335||China ||86 21 3406 4880||http://www.ctrip.com||Services||Lodging
CTSH||Cognizant Technology Solutions Corporation||Glenpointe Centre West	500 Frank W. Burr Boulevard||Teaneck, NJ 07666||United States ||201-801-0233||http://www.cognizant.com||Technology||Business Software & Services
CTXS||Citrix Systems, Inc.||851 West Cypress Creek Road||Fort Lauderdale, FL 33309||United States ||954-267-3000||http://www.citrix.com||Technology||Business Software & Services
DISCA||Discovery Communications, Inc.||One Discovery Place||Silver Spring, MD 20910||United States ||240-662-2000||http://corporate.discovery.com||Services||CATV Systems
DISCK||Discovery Communications, Inc.||One Discovery Place||Silver Spring, MD 20910||United States ||240-662-2000||http://corporate.discovery.com||||
DISH||Dish Network Corp.||9601 South Meridian Boulevard||Englewood, CO 80112||United States ||303-723-1000||http://www.dish.com||Services||CATV Systems
DLTR||Dollar Tree, Inc.||500 Volvo Parkway||Chesapeake, VA 23320||United States ||757-321-5000||http://www.dollartree.com||Services||Discount, Variety Stores
EA||Electronic Arts Inc.||209 Redwood Shores Parkway||Redwood City, CA 94065||United States ||650-628-1500||http://www.ea.com||Technology||Multimedia & Graphics Software
EBAY||eBay Inc.||2065 Hamilton Avenue||San Jose, CA 95125||United States ||408-376-7400||http://www.ebayinc.com||Services||Specialty Retail, Other
ENDP||Endo International plc||Minerva House	Simmonscourt Road||Dublin, 4||Ireland ||353 1 268 2000||http://www.endo.com||Healthcare||Drug Manufacturers - Other
ESRX||Express Scripts Holding Company||One Express Way||St. Louis, MO 63121||United States ||314-996-0900||http://www.express-scripts.com||Healthcare||Health Care Plans
EXPE||Expedia Inc.||333 108th Avenue NE||Bellevue, WA 98004||United States ||425-679-7200||http://www.expediainc.com||Services||Lodging
FAST||Fastenal Company||2001 Theurer Boulevard||Winona, MN 55987||United States ||507-454-5374||http://www.fastenal.com||Services||Industrial Equipment Wholesale
FB||Facebook, Inc.||1601 Willow Road||Menlo Park, CA 94025||United States ||650-543-4800||http://www.facebook.com||Technology||Internet Information Providers
FISV||Fiserv, Inc.||255 Fiserv Drive||Brookfield, WI 53045||United States ||262-879-5000||http://www.fiserv.com||Services||Business Services
FOX||Twenty-First Century Fox, Inc.||1211 Avenue of the Americas||New York, NY 10036||United States ||212-852-7000||http://www.21cf.com||||
FOXA||Twenty-First Century Fox, Inc.||1211 Avenue of the Americas||New York, NY 10036||United States ||212-852-7000||http://www.21cf.com||Services||Entertainment - Diversified
GILD||Gilead Sciences Inc.||333 Lakeside Drive||Foster City, CA 94404||United States ||650-574-3000||http://www.gilead.com||Healthcare||Biotechnology
GOOG||Alphabet Inc.||1600 Amphitheatre Parkway||Mountain View, CA 94043||United States ||650-253-0000||http://abc.xyz||Technology||Internet Information Providers
GOOGL||Alphabet Inc.||1600 Amphitheatre Parkway||Mountain View, CA 94043||United States ||650-253-0000||http://abc.xyz||Technology||Internet Information Providers
HSIC||Henry Schein, Inc.||135 Duryea Road||Melville, NY 11747||United States ||631-843-5500||http://www.henryschein.com||Services||Medical Equipment Wholesale
ILMN||Illumina Inc.||5200 Illumina Way||San Diego, CA 92122||United States ||858-202-4500||http://www.illumina.com||Healthcare||Biotechnology
INCY||Incyte Corporation||1801 Augustine Cut-Off||Wilmington, DE 19803||United States ||302-498-6700||http://www.incyte.com||Healthcare||Biotechnology
INTC||Intel Corporation||2200 Mission College Boulevard||Santa Clara, CA 95054||United States ||408-765-8080||http://www.intel.com||Technology||Semiconductor - Broad Line
INTU||Intuit Inc.||2700 Coast Avenue||Mountain View, CA 94043||United States ||650-944-6000||http://www.intuit.com||Technology||Application Software
ISRG||Intuitive Surgical, Inc.||1020 Kifer Road||Sunnyvale, CA 94086||United States ||408-523-2100||http://www.intuitivesurgical.com||Healthcare||Medical Appliances & Equipment
JD||JD.com, Inc.||Building A	20th Floor||Beijing, 101111||China ||||http://www.jd.com||Technology||Internet Information Providers
LBTYA||Liberty Global plc||Griffin House	161 Hammersmith Road||London, W6 8BS||United Kingdom ||44 20 8483 6449||http://www.libertyglobal.com||Services||CATV Systems
LBTYK||Liberty Global plc||Griffin House	161 Hammersmith Road||London, W6 8BS||United Kingdom ||44 20 8483 6449||http://www.libertyglobal.com||||
LLTC||Linear Technology Corporation||1630 McCarthy Boulevard||Milpitas, CA 95035||United States ||408-432-1900||http://www.linear.com||Technology||Semiconductor - Specialized
LMCA||The Liberty Media Group||||||United States ||||||Services||Broadcasting - TV
LMCK||The Liberty Media Group||||||United States ||||||||
LRCX||Lam Research Corporation||4650 Cushing Parkway||Fremont, CA 94538||United States ||510-572-0200||http://www.lamresearch.com||Technology||Semiconductor Equipment & Materials
LVNTA||Liberty Ventures||12300 Liberty Boulevard||Englewood, CO 80112||United States ||720-875-5300||Ticker||Services||Catalog & Mail Order Houses
MAR||Marriott International, Inc.||10400 Fernwood Road||Bethesda, MD 20817||United States ||301-380-3000||http://www.marriott.com||Services||Lodging
MAT||Mattel, Inc.||333 Continental Boulevard||El Segundo, CA 90245||United States ||310-252-2000||http://www.mattel.com||Consumer Goods||Toys & Games
MDLZ||Mondelez International, Inc.||Three Parkway North||Deerfield, IL 60015||United States ||847-943-4000||http://www.mondelezinternational.com||Consumer Goods||Confectioners
MNST||Monster Beverage Corporation||1 Monster Way||Corona, CA 92879||United States ||951-739-6200||http://www.monsterbevcorp.com||Consumer Goods||Beverages - Soft Drinks
MSFT||Microsoft Corporation||One Microsoft Way||Redmond, WA 98052||United States ||425-882-8080||http://www.microsoft.com||Technology||Business Software & Services
MU||Micron Technology, Inc.||8000 South Federal Way||Boise, ID 83716||United States ||208-368-4000||http://www.micron.com||Technology||Semiconductor- Memory Chips
MXIM||Maxim Integrated Products, Inc.||160 Rio Robles||San Jose, CA 95134||United States ||408-601-1000||http://www.maximintegrated.com||Technology||Semiconductor - Broad Line
MYL||Mylan N.V.||Building 4	Trident Place||Hertfordshire, AL10 9UL||United Kingdom ||44 1707 853000||http://www.mylan.com||Healthcare||Drugs - Generic
NCLH||Norwegian Cruise Line Holdings Ltd.||7665 Corporate Center Drive||Miami, FL 33126||United States ||305-436-4000||http://www.ncl.com||||
NFLX||Netflix, Inc.||100 Winchester Circle||Los Gatos, CA 95032||United States ||408-540-3700||http://www.netflix.com||Services||CATV Systems
NTAP||NetApp, Inc.||495 East Java Drive||Sunnyvale, CA 94089||United States ||408-822-6000||http://www.netapp.com||Technology||Data Storage Devices
NTES||NetEase, Inc.||Building No. 7, West Zone	Zhongguancun Software Park (Phase II)||Beijing, 100193||China ||86 10 8255 8163||http://www.netease.com||Technology||Internet Software & Services
NVDA||NVIDIA Corporation||2701 San Tomas Expressway||Santa Clara, CA 95050||United States ||408-486-2000||http://www.nvidia.com||Technology||Semiconductor - Specialized
NXPI||NXP Semiconductors NV||High Tech Campus 60||Eindhoven, 5656 AG||Netherlands ||31 40 272 9233||http://www.nxp.com||Technology||Semiconductor - Broad Line
ORLY||O'Reilly Automotive Inc.||233 South Patterson Avenue||Springfield, MO 65802||United States ||417-862-6708||http://www.oreillyauto.com||Services||Auto Parts Stores
PAYX||Paychex, Inc.||911 Panorama Trail South||Rochester, NY 14625||United States ||585-385-6666||http://www.paychex.com||Services||Staffing & Outsourcing Services
PCAR||PACCAR Inc.||777 - 106th Avenue N.E.||Bellevue, WA 98004||United States ||425-468-7400||http://www.paccar.com||Consumer Goods||Trucks & Other Vehicles
PCLN||The Priceline Group Inc.||800 Connecticut Avenue||Norwalk, CT 06854||United States ||203-299-8000||http://www.pricelinegroup.com||Services||Business Services
QCOM||QUALCOMM Incorporated||5775 Morehouse Drive||San Diego, CA 92121||United States ||858-587-1121||http://www.qualcomm.com||Technology||Communication Equipment
QVCA||QVC Group||12300 Liberty Boulevard||Englewood, CO 80112||United States ||720-875-5300||http://www.libertyinteractive.com||Services||Catalog & Mail Order Houses
REGN||Regeneron Pharmaceuticals, Inc.||777 Old Saw Mill River Road||Tarrytown, NY 10591||United States ||914-847-7000||http://www.regeneron.com||Healthcare||Biotechnology
ROST||Ross Stores Inc.||5130 Hacienda Drive||Dublin, CA 94568||United States ||925-965-4400||http://www.rossstores.com||Services||Apparel Stores
SBAC||SBA Communications Corp.||5900 Broken Sound Parkway NW||Boca Raton, FL 33487||United States ||561-995-7670||http://www.sbasite.com||Technology||Diversified Communication Services
SBUX||Starbucks Corporation||2401 Utah Avenue South||Seattle, WA 98134||United States ||206-447-1575||http://www.starbucks.com||Services||Specialty Eateries
SIRI||Sirius XM Holdings Inc.||1221 Avenue of the Americas	36th Floor||New York, NY 10020||United States ||212-584-5100||http://www.siriusxm.com||Services||Broadcasting - Radio
SRCL||Stericycle, Inc.||28161 North Keith Drive||Lake Forest, IL 60045||United States ||847-367-5910||http://www.stericycle.com||Industrial Goods||Waste Management
STX||Seagate Technology plc||38/39 Fitzwilliam Square||Dublin, 2||Ireland ||353 1 234 3136||http://www.seagate.com||Technology||Data Storage Devices
SWKS||Skyworks Solutions Inc.||20 Sylvan Road||Woburn, MA 01801||United States ||781-376-3000||http://www.skyworksinc.com||Technology||Semiconductor - Integrated Circuits
SYMC||Symantec Corporation||350 Ellis Street||Mountain View, CA 94043||United States ||650-527-8000||http://www.symantec.com||Technology||Security Software & Services
TMUS||T-Mobile US, Inc.||12920 SE 38th Street||Bellevue, WA 98006||United States ||425-378-4000||http://www.t-mobile.com||Technology||Wireless Communications
TRIP||TripAdvisor Inc.||400 1st Avenue||Needham, MA 02494||United States ||781-800-5000||http://www.tripadvisor.com||Technology||Internet Information Providers
TSCO||Tractor Supply Company||5401 Virginia Way||Brentwood, TN 37027||United States ||615-440-4000||http://www.tractorsupply.com||Services||Specialty Retail, Other
TSLA||Tesla Motors, Inc.||3500 Deer Creek Road||Palo Alto, CA 94304||United States ||650-681-5000||http://www.teslamotors.com||Consumer Goods||Auto Manufacturers - Major
TXN||Texas Instruments Inc.||12500 TI Boulevard||Dallas, TX 75243||United States ||214-479-3773||http://www.ti.com||Technology||Semiconductor - Broad Line
ULTA||ULTA Salon, Cosmetics & Fragrance, Inc.||1000 Remington Boulevard	Suite 120||Bolingbrook, IL 60440||United States ||630-410-4800||http://www.ulta.com||Services||Specialty Retail, Other
VIAB||Viacom, Inc.||1515 Broadway||New York, NY 10036||United States ||212-258-6000||http://www.viacom.com||Services||Entertainment - Diversified
VOD||Vodafone Group Plc||Vodafone House	The Connection||Newbury, RG14 2FN||United Kingdom ||44 163 533251||http://www.vodafone.com||||
VRSK||Verisk Analytics, Inc.||545 Washington Boulevard||Jersey City, NJ 07310||United States ||201-469-2000||http://www.verisk.com||Services||Business Services
VRTX||Vertex Pharmaceuticals Incorporated||50 Northern Avenue||Boston, MA 02210||United States ||617-341-6100||http://www.vrtx.com||Healthcare||Biotechnology
WBA||Walgreens Boots Alliance, Inc.||108 Wilmot Road||Deerfield, IL 60015||United States ||847-315-2500||http://www.walgreensbootsalliance.com||Services||Drug Stores
WDC||Western Digital Corporation||3355 Michelson Drive	Suite 100||Irvine, CA 92612||United States ||949-672-7000||http://www.wdc.com||Technology||Data Storage Devices
WFM||Whole Foods Market, Inc.||550 Bowie Street||Austin, TX 78703||United States ||512-477-4455||http://www.wholefoodsmarket.com||Services||Grocery Stores
XLNX||Xilinx Inc.||2100 Logic Drive||San Jose, CA 95124||United States ||408-559-7778||http://www.xilinx.com||Technology||Semiconductor - Integrated Circuits
YHOO||Yahoo! Inc.||701 First Avenue||Sunnyvale, CA 94089||United States ||408-349-3300||http://www.yahoo.com||Technology||Internet Information Providers
BATRA||The Liberty Braves Group||||||United States ||||||||
BATRK||The Liberty Braves Group||||||United States ||||||||
KHC||The Kraft Heinz Company||One PPG Place||Pittsburgh, PA 15222||United States ||412-456-5700||http://www.kraftheinzcompany.com||Consumer Goods||Food - Major Diversified
PYPL||PayPal Holdings, Inc.||2211 North First Street||San Jose, CA 95131||United States ||408-967-1000||http://www.paypal.com||Financial||Credit Services
